" ","Column","Row","BlackRate","WhiteRate","ModelName"
device6-5.gif,558,558,0.70539,0.29461,"device6"
jar-8.gif,512,512,0.615864,0.384136,"jar"
crown-9.gif,76,41,0.38543,0.61457,"crown"
pencil-4.gif,474,183,0.876911,0.123089,"pencil"
watch-4.gif,507,160,0.70646,0.29354,"watch"
device8-2.gif,558,558,0.730852,0.269148,"device8"
device0-9.gif,512,512,0.777847,0.222153,"device0"
carriage-03.gif,352,288,0.905727,0.0942728,"carriage"
frog-5.gif,198,175,0.500115,0.499885,"frog"
fish-5.gif,286,104,0.500269,0.499731,"fish"
truck-04.gif,352,288,0.967586,0.032414,"truck"
children-3.gif,352,240,0.923473,0.076527,"children"
device6-10.gif,558,558,0.814892,0.185108,"device6"
Glas-10.gif,322,358,0.551867,0.448133,"Glas"
lizzard-1.gif,376,308,0.629119,0.370881,"lizzard"
ray-2.gif,526,533,0.744181,0.255819,"ray"
jar-3.gif,512,512,0.734974,0.265026,"jar"
teddy-06.gif,360,243,0.686248,0.313752,"teddy"
device5-4.gif,558,558,0.828252,0.171748,"device5"
Bone-3.gif,357,439,0.818023,0.181977,"Bone"
hat-3.gif,275,256,0.38804,0.61196,"hat"
bat-5.gif,729,703,0.819106,0.180894,"bat"
car-02.gif,352,288,0.921905,0.0780954,"car"
hat-5.gif,50,48,0.525417,0.474583,"hat"
device7-2.gif,512,512,0.613792,0.386208,"device7"
elephant-7.gif,632,768,0.739534,0.260466,"elephant"
fish-4.gif,238,80,0.418382,0.581618,"fish"
deer-5.gif,693,703,0.684898,0.315102,"deer"
key-1.gif,464,276,0.778048,0.221952,"key"
flatfish-6.gif,420,184,0.392068,0.607932,"flatfish"
key-6.gif,394,216,0.730224,0.269776,"key"
lmfish-5.gif,1116,417,0.668566,0.331434,"lmfish"
fountain-09.gif,360,243,0.819799,0.180201,"fountain"
chopper-02.gif,352,288,0.871291,0.128709,"chopper"
rat-07.gif,352,288,0.868736,0.131264,"rat"
cup-8.gif,315,356,0.598011,0.401989,"cup"
frog-3.gif,220,182,0.43012,0.56988,"frog"
deer-9.gif,700,638,0.723972,0.276028,"deer"
fountain-06.gif,360,243,0.832339,0.167661,"fountain"
device3-2.gif,558,558,0.547061,0.452939,"device3"
deer-10.gif,500,551,0.715985,0.284015,"deer"
spring-5.gif,393,318,0.750476,0,"spring"
shoe-6.gif,437,262,0.558492,0.441508,"shoe"
classic-5.gif,744,333,0.291848,0.708152,"classic"
device6-8.gif,558,558,0.844793,0.155207,"device6"
cup-2.gif,380,392,0.555095,0.444905,"cup"
lmfish-8.gif,269,269,0.797902,0.202098,"lmfish"
pencil-8.gif,457,182,0.827614,0.172386,"pencil"
chicken-4.gif,284,292,0.578429,0.421571,"chicken"
chicken-2.gif,283,246,0.475954,0.524046,"chicken"
pencil-6.gif,471,180,0.782838,0.217162,"pencil"
device7-7.gif,512,512,0.743351,0.256649,"device7"
car-03.gif,352,288,0.918945,0.0810547,"car"
pencil-5.gif,457,199,0.880255,0.119745,"pencil"
Heart-1.gif,464,384,0.345473,0.654527,"Heart"
device9-3.gif,558,558,0.599504,0.400496,"device9"
horseshoe-10.gif,59,61,0.41456,0.58544,"horseshoe"
horse-2.gif,847,839,0.829116,0.170884,"horse"
bell-6.gif,112,149,0.432407,0.567593,"bell"
bat-2.gif,746,325,0.678132,0.321868,"bat"
bottle-07.gif,352,288,0.960375,0.0396248,"bottle"
car-05.gif,352,288,0.904317,0.0956834,"car"
Glas-6.gif,324,361,0.53908,0.46092,"Glas"
sea_snake-3.gif,353,420,0.825199,0.174801,"sea_snake"
rat-08.gif,352,288,0.867148,0.132852,"rat"
rat-09.gif,352,288,0.129518,0.870482,"rat"
lmfish-3.gif,161,452,0.679849,0.320151,"lmfish"
bat-3.gif,781,730,0.863124,0.136876,"bat"
jar-4.gif,512,512,0.819752,0.180248,"jar"
Glas-8.gif,324,361,0.458286,0.541714,"Glas"
device4-6.gif,558,558,0.804949,0.195051,"device4"
apple-7.gif,256,256,0.516205,0.483795,"apple"
spring-9.gif,582,353,0.87916,0,"spring"
brick-04.gif,352,288,0.889481,0.110519,"brick"
shoe-1.gif,551,307,0.609132,0.390868,"shoe"
Heart-8.gif,446,380,0.354207,0.645793,"Heart"
guitar-2.gif,312,192,0.651676,0.348324,"guitar"
lizzard-7.gif,514,376,0.76113,0.23887,"lizzard"
device0-7.gif,512,512,0.78503,0.21497,"device0"
tree-7.gif,256,256,0.881485,0.118515,"tree"
chopper-01.gif,352,288,0.852036,0.147964,"chopper"
device2-4.gif,512,512,0.827286,0.172714,"device2"
face-5.gif,269,337,0.572413,0.427587,"face"
pocket-2.gif,64,90,0.613889,0.386111,"pocket"
face-4.gif,269,337,0.560621,0.439379,"face"
cattle-6.gif,422,272,0.509897,0.490103,"cattle"
horseshoe-3.gif,166,178,0.671078,0.328922,"horseshoe"
guitar-7.gif,429,418,0.639141,0.360859,"guitar"
turtle-7.gif,434,277,0.592041,0.407959,"turtle"
device9-1.gif,558,558,0.604228,0.395772,"device9"
rat-05.gif,352,288,0.86915,0.13085,"rat"
face-8.gif,269,337,0.569987,0.430013,"face"
rat-01.gif,352,288,0.872938,0.127062,"rat"
truck-06.gif,352,288,0.963828,0.0361723,"truck"
device3-9.gif,558,558,0.663641,0.336359,"device3"
bell-2.gif,59,64,0.412606,0.587394,"bell"
spoon-9.gif,256,256,0.906067,0.0939331,"spoon"
frog-7.gif,325,341,0.483781,0.516219,"frog"
dog-3.gif,526,408,0.805776,0.194224,"dog"
brick-05.gif,352,288,0.841442,0.158558,"brick"
fountain-03.gif,360,243,0.835814,0.164186,"fountain"
apple-2.gif,256,256,0.473053,0.526947,"apple"
device9-6.gif,558,558,0.637601,0.362399,"device9"
dog-7.gif,526,408,0.786411,0.213589,"dog"
deer-8.gif,638,700,0.723972,0.276028,"deer"
lmfish-1.gif,640,480,0.702835,0,"lmfish"
hammer-6.gif,256,256,0.881134,0.118866,"hammer"
beetle-2.gif,273,303,0.59308,0.40692,"beetle"
truck-08.gif,352,288,0.963265,0.0367345,"truck"
pocket-6.gif,210,312,0.502793,0.497207,"pocket"
cellular_phone-3.gif,426,175,0.606439,0.393561,"cellular_phone"
tree-4.gif,256,256,0.789169,0.210831,"tree"
device4-2.gif,558,558,0.770115,0.229885,"device4"
fly-7.gif,274,258,0.716149,0.283851,"fly"
Misk-9.gif,331,403,0.30267,0.69733,"Misk"
device8-5.gif,558,558,0.758954,0.241046,"device8"
teddy-01.gif,360,243,0.682179,0.317821,"teddy"
hat-8.gif,250,148,0.326,0.674,"hat"
chicken-5.gif,408,408,0.789985,0.210015,"chicken"
device5-10.gif,558,558,0.700881,0.299119,"device5"
teddy-04.gif,360,243,0.677926,0.322074,"teddy"
personal_car-9.gif,400,227,0.570198,0.429802,"personal_car"
bell-1.gif,252,255,0.681061,0,"bell"
fish-1.gif,600,459,0.786423,0,"fish"
device6-6.gif,558,558,0.675325,0.324675,"device6"
Glas-3.gif,324,361,0.525204,0.474796,"Glas"
teddy-05.gif,360,243,0.677732,0.322268,"teddy"
butterfly-5.gif,334,331,0.512953,0.487047,"butterfly"
watch-5.gif,520,170,0.680271,0.319683,"watch"
car-07.gif,352,288,0.89824,0.10176,"car"
device5-8.gif,558,558,0.775591,0.224409,"device5"
beetle-5.gif,156,208,0.59338,0.40662,"beetle"
rat-04.gif,352,288,0.866527,0.133473,"rat"
car-10.gif,352,288,0.893446,0.106554,"car"
bird-2.gif,253,248,0.606177,0.393823,"bird"
carriage-07.gif,352,288,0.908854,0.0911458,"carriage"
butterfly-6.gif,471,470,0.756765,0.243235,"butterfly"
fly-4.gif,266,274,0.58685,0.41315,"fly"
flatfish-5.gif,420,188,0.397936,0.602064,"flatfish"
sea_snake-2.gif,241,270,0.868726,0.131274,"sea_snake"
turtle-5.gif,376,358,0.718115,0.281885,"turtle"
Misk-10.gif,336,403,0.318659,0.681341,"Misk"
apple-3.gif,256,256,0.450897,0.549103,"apple"
fountain-07.gif,360,243,0.818016,0.181984,"fountain"
bottle-03.gif,352,288,0.944859,0.0551413,"bottle"
chopper-05.gif,352,288,0.88078,0.11922,"chopper"
horse-7.gif,760,383,0.658245,0.341755,"horse"
personal_car-10.gif,400,219,0.588459,0.411541,"personal_car"
device6-2.gif,558,558,0.867852,0.132148,"device6"
hat-10.gif,199,87,0.276844,0.723156,"hat"
dog-10.gif,255,187,0.619105,0.380895,"dog"
device8-10.gif,558,558,0.84987,0.15013,"device8"
device9-2.gif,558,558,0.580915,0.419085,"device9"
hammer-8.gif,256,256,0.897247,0.102753,"hammer"
chicken-7.gif,123,135,0.67287,0.32713,"chicken"
device7-10.gif,512,512,0.61713,0.38287,"device7"
watch-7.gif,516,218,0.758063,0.241937,"watch"
cellular_phone-10.gif,471,194,0.466872,0.533128,"cellular_phone"
device7-8.gif,512,512,0.748169,0.251831,"device7"
bell-4.gif,70,87,0.409852,0.590148,"bell"
key-2.gif,400,259,0.746564,0.253436,"key"
spring-7.gif,231,454,0.844928,0,"spring"
bat-4.gif,612,403,0.624118,0.375882,"bat"
pocket-1.gif,147,205,0.541563,0.458437,"pocket"
device9-7.gif,558,558,0.61914,0.38086,"device9"
carriage-10.gif,352,288,0.910561,0.0894393,"carriage"
Bone-8.gif,357,439,0.811885,0.188115,"Bone"
device8-3.gif,558,558,0.71499,0.28501,"device8"
device6-7.gif,558,558,0.910597,0.0894034,"device6"
pocket-8.gif,140,212,0.471327,0.528673,"pocket"
beetle-6.gif,254,262,0.801737,0.198263,"beetle"
bat-6.gif,593,289,0.712692,0.287308,"bat"
fork-2.gif,640,480,0.93734,0,"fork"
ray-8.gif,639,642,0.757036,0.242964,"ray"
device3-6.gif,558,558,0.429012,0.570988,"device3"
bell-5.gif,189,222,0.390367,0.609633,"bell"
pencil-2.gif,487,186,0.889691,0.110309,"pencil"
deer-6.gif,545,569,0.690408,0.309592,"deer"
HCircle-10.gif,194,331,0.240524,0.759476,"HCircle"
children-5.gif,352,240,0.923426,0.0765743,"children"
spring-1.gif,393,318,0.750476,0,"spring"
hammer-5.gif,256,256,0.881134,0.118866,"hammer"
bottle-09.gif,352,288,0.96005,0.0399503,"bottle"
lmfish-9.gif,260,260,0.802574,0.197426,"lmfish"
face-2.gif,269,337,0.564659,0.435341,"face"
chopper-10.gif,352,288,0.885505,0.114495,"chopper"
spoon-10.gif,256,256,0.906067,0.0939331,"spoon"
hat-4.gif,79,64,0.350475,0.649525,"hat"
dog-8.gif,255,187,0.554011,0.445989,"dog"
Bone-10.gif,357,439,0.800482,0.199518,"Bone"
brick-03.gif,352,288,0.829417,0.170583,"brick"
cattle-10.gif,580,345,0.418711,0.581289,"cattle"
device5-9.gif,558,558,0.685025,0.314975,"device5"
carriage-06.gif,352,288,0.910571,0.0894295,"carriage"
Bone-6.gif,357,439,0.80856,0.19144,"Bone"
crown-8.gif,80,42,0.403274,0.596726,"crown"
cup-9.gif,332,346,0.605404,0.394596,"cup"
bottle-10.gif,352,288,0.940558,0.0594421,"bottle"
Comma-4.gif,276,386,0.4033,0.5967,"Comma"
fly-2.gif,184,265,0.642473,0.357527,"fly"
cattle-8.gif,432,273,0.472994,0.527006,"cattle"
key-10.gif,379,230,0.748228,0.251772,"key"
device4-5.gif,558,558,0.79304,0.20696,"device4"
flatfish-10.gif,420,214,0.402937,0.597063,"flatfish"
device8-1.gif,558,558,0.71533,0.28467,"device8"
flatfish-1.gif,613,492,0.673298,0.326702,"flatfish"
classic-10.gif,309,166,0.462042,0.537958,"classic"
cellular_phone-4.gif,469,204,0.53654,0.46346,"cellular_phone"
hat-6.gif,66,77,0.247737,0.752263,"hat"
butterfly-7.gif,281,182,0.530445,0.469555,"butterfly"
frog-9.gif,198,175,0.521558,0.478442,"frog"
ray-4.gif,228,309,0.598365,0.401635,"ray"
fly-10.gif,346,311,0.625328,0.374672,"fly"
bird-7.gif,290,305,0.620384,0.379616,"bird"
pocket-9.gif,83,104,0.49664,0.50336,"pocket"
watch-1.gif,500,202,0.738475,0.261525,"watch"
device9-10.gif,558,558,0.621507,0.378493,"device9"
shoe-3.gif,473,279,0.519812,0.480188,"shoe"
fish-2.gif,234,77,0.433677,0.566323,"fish"
lizzard-4.gif,329,256,0.627612,0.372388,"lizzard"
device4-4.gif,558,558,0.784371,0.215629,"device4"
beetle-3.gif,216,217,0.537208,0.462792,"beetle"
Misk-3.gif,331,403,0.271026,0.728974,"Misk"
sea_snake-1.gif,274,231,0.866559,0.133441,"sea_snake"
cellular_phone-5.gif,419,175,0.541821,0.458179,"cellular_phone"
chopper-04.gif,352,288,0.881274,0.118726,"chopper"
device9-5.gif,558,558,0.628181,0.371819,"device9"
Comma-2.gif,283,445,0.501425,0.498575,"Comma"
hat-9.gif,303,174,0.350992,0.649008,"hat"
fountain-05.gif,360,243,0.82428,0.17572,"fountain"
turtle-8.gif,513,493,0.809433,0.190567,"turtle"
elephant-4.gif,998,981,0.78001,0.21999,"elephant"
shoe-8.gif,418,283,0.568702,0.431298,"shoe"
guitar-4.gif,352,239,0.594891,0.405109,"guitar"
spring-4.gif,309,430,0.797622,0,"spring"
fountain-01.gif,360,243,0.827149,0.172851,"fountain"
bird-1.gif,423,296,0.609019,0,"bird"
classic-6.gif,344,202,0.630641,0.369359,"classic"
horseshoe-4.gif,153,171,0.549364,0.450636,"horseshoe"
fork-5.gif,640,480,0.963903,0,"fork"
device4-7.gif,558,558,0.760592,0.239408,"device4"
car-06.gif,352,288,0.90698,0.09302,"car"
lmfish-6.gif,309,114,0.656248,0.343752,"lmfish"
chicken-1.gif,412,396,0.574507,0.425493,"chicken"
dog-5.gif,255,187,0.640956,0.359044,"dog"
pencil-3.gif,464,192,0.845557,0.154443,"pencil"
flatfish-3.gif,420,230,0.392443,0.607557,"flatfish"
horseshoe-5.gif,114,107,0.72971,0.27029,"horseshoe"
cup-5.gif,358,304,0.703166,0.296834,"cup"
spring-10.gif,582,353,0.88028,0,"spring"
bottle-01.gif,352,288,0.957978,0.0420218,"bottle"
children-7.gif,352,240,0.923142,0.0768584,"children"
HCircle-8.gif,194,331,0.247438,0.752562,"HCircle"
turtle-3.gif,509,498,0.798921,0.201079,"turtle"
sea_snake-5.gif,237,296,0.839192,0.160808,"sea_snake"
HCircle-2.gif,221,331,0.230195,0.769805,"HCircle"
apple-10.gif,256,256,0.572205,0.427795,"apple"
octopus-8.gif,256,256,0.528931,0.471069,"octopus"
carriage-08.gif,352,288,0.909407,0.0905934,"carriage"
Misk-6.gif,331,375,0.296636,0.703364,"Misk"
frog-6.gif,325,341,0.483781,0.516219,"frog"
turtle-2.gif,402,310,0.590997,0.409003,"turtle"
spoon-2.gif,256,256,0.875626,0.124374,"spoon"
face-9.gif,269,337,0.570803,0.429197,"face"
shoe-2.gif,515,278,0.468611,0.531389,"shoe"
chopper-09.gif,352,288,0.874911,0.125089,"chopper"
rat-06.gif,352,288,0.863607,0.136393,"rat"
truck-01.gif,352,288,0.968326,0.0316742,"truck"
sea_snake-4.gif,292,180,0.725019,0.274981,"sea_snake"
bottle-04.gif,352,288,0.942225,0.057775,"bottle"
pocket-4.gif,155,212,0.57538,0.42462,"pocket"
device5-6.gif,558,558,0.771425,0.228575,"device5"
Bone-5.gif,357,439,0.821328,0.178672,"Bone"
lizzard-10.gif,527,308,0.629531,0.370469,"lizzard"
elephant-2.gif,759,644,0.584236,0.415764,"elephant"
butterfly-10.gif,373,304,0.594486,0.405514,"butterfly"
device9-8.gif,558,558,0.594924,0.405076,"device9"
dog-6.gif,526,408,0.805194,0.194806,"dog"
horse-4.gif,426,401,0.833573,0.166427,"horse"
Misk-8.gif,331,403,0.259609,0.740391,"Misk"
frog-1.gif,285,274,0.464989,0.535011,"frog"
butterfly-3.gif,496,502,0.593875,0.406125,"butterfly"
fish-8.gif,284,127,0.533659,0.466341,"fish"
fish-3.gif,271,101,0.412992,0.587008,"fish"
flatfish-4.gif,420,188,0.421796,0.578204,"flatfish"
jar-10.gif,512,512,0.615864,0.384136,"jar"
apple-8.gif,256,256,0.52597,0.47403,"apple"
device6-3.gif,558,558,0.735515,0.264485,"device6"
teddy-10.gif,360,243,0.682888,0.317112,"teddy"
frog-2.gif,220,182,0.43012,0.56988,"frog"
turtle-9.gif,321,305,0.721189,0.278811,"turtle"
Comma-1.gif,283,445,0.439107,0.560893,"Comma"
ray-5.gif,376,385,0.804532,0.195468,"ray"
HCircle-9.gif,185,331,0.268343,0.731657,"HCircle"
truck-09.gif,352,288,0.96587,0.0341304,"truck"
horse-6.gif,653,531,0.657271,0.342729,"horse"
Glas-5.gif,324,361,0.552563,0.447437,"Glas"
octopus-6.gif,256,256,0.696518,0.303482,"octopus"
device4-8.gif,558,558,0.771881,0.228119,"device4"
device9-4.gif,558,558,0.614769,0.385231,"device9"
Comma-6.gif,283,445,0.52886,0.47114,"Comma"
bell-8.gif,160,210,0.449643,0.550357,"bell"
chopper-08.gif,352,288,0.876953,0.123047,"chopper"
brick-09.gif,352,288,0.823883,0.176117,"brick"
jar-9.gif,512,512,0.615864,0.384136,"jar"
hammer-1.gif,720,371,0.812219,0,"hammer"
apple-4.gif,256,256,0.745148,0.254852,"apple"
elephant-6.gif,720,531,0.478863,0.521137,"elephant"
carriage-09.gif,352,288,0.917732,0.082268,"carriage"
pencil-10.gif,485,217,0.888793,0.111207,"pencil"
frog-4.gif,198,175,0.500115,0.499885,"frog"
ray-9.gif,437,464,0.566988,0.433012,"ray"
apple-9.gif,256,256,0.562943,0.437057,"apple"
horse-3.gif,390,196,0.628074,0.371926,"horse"
spring-8.gif,561,333,0.867108,0,"spring"
cattle-1.gif,495,476,0.735536,0.264464,"cattle"
personal_car-4.gif,400,209,0.734569,0.265431,"personal_car"
watch-8.gif,470,219,0.800904,0.199096,"watch"
Heart-6.gif,464,384,0.346854,0.653146,"Heart"
beetle-10.gif,412,418,0.893773,0.106227,"beetle"
brick-01.gif,352,288,0.881461,0.118539,"brick"
Glas-4.gif,324,361,0.553504,0.446496,"Glas"
bat-9.gif,413,384,0.811453,0.188547,"bat"
device0-8.gif,512,512,0.72081,0.27919,"device0"
Heart-7.gif,464,384,0.343329,0.656671,"Heart"
ray-6.gif,443,465,0.516139,0.483861,"ray"
fork-3.gif,640,480,0.953844,0,"fork"
Heart-2.gif,464,343,0.301291,0.698709,"Heart"
device1-9.gif,512,512,0.679852,0.320148,"device1"
classic-3.gif,376,145,0.346185,0.653815,"classic"
tree-3.gif,256,256,0.768127,0.231873,"tree"
Misk-4.gif,331,355,0.265401,0.734599,"Misk"
turtle-1.gif,306,296,0.720202,0.279798,"turtle"
fork-10.gif,640,480,0.952474,0,"fork"
guitar-8.gif,387,217,0.6866,0.3134,"guitar"
octopus-3.gif,256,256,0.629272,0.370728,"octopus"
shoe-9.gif,404,255,0.567764,0.432236,"shoe"
horse-9.gif,332,248,0.619474,0.380526,"horse"
frog-10.gif,285,274,0.481598,0.518402,"frog"
classic-9.gif,943,347,0.518555,0.481445,"classic"
spoon-6.gif,256,256,0.839233,0.160767,"spoon"
cattle-5.gif,655,636,0.741982,0.258018,"cattle"
face-1.gif,269,337,0.577333,0.422667,"face"
lmfish-10.gif,323,168,0.663515,0.336485,"lmfish"
apple-6.gif,256,256,0.490662,0.509338,"apple"
device3-4.gif,558,558,0.615228,0.384772,"device3"
hat-2.gif,155,74,0.382214,0.617786,"hat"
device8-9.gif,558,558,0.867547,0.132453,"device8"
hammer-9.gif,256,256,0.897247,0.102753,"hammer"
flatfish-7.gif,420,215,0.427984,0.572016,"flatfish"
hammer-10.gif,256,256,0.897247,0.102753,"hammer"
jar-6.gif,512,512,0.819752,0.180248,"jar"
fly-3.gif,184,265,0.642473,0.357527,"fly"
shoe-5.gif,473,280,0.511152,0.488848,"shoe"
Glas-1.gif,324,361,0.5145,0.4855,"Glas"
lizzard-9.gif,318,248,0.657689,0,"lizzard"
car-08.gif,352,288,0.892312,0.107688,"car"
guitar-9.gif,299,200,0.620619,0.379381,"guitar"
Heart-3.gif,464,384,0.330353,0.669647,"Heart"
device7-6.gif,512,512,0.56012,0.43988,"device7"
device1-8.gif,512,512,0.584785,0.415215,"device1"
stef-07.gif,352,240,0.973651,0.0263494,"stef"
hammer-7.gif,256,256,0.881134,0.118866,"hammer"
shoe-7.gif,472,271,0.680476,0.319524,"shoe"
brick-08.gif,352,288,0.892766,0.107234,"brick"
personal_car-3.gif,549,237,0.500319,0.499681,"personal_car"
chicken-3.gif,377,372,0.739861,0.260139,"chicken"
device1-4.gif,512,512,0.52372,0.47628,"device1"
pencil-1.gif,490,177,0.838499,0.161501,"pencil"
cup-1.gif,425,383,0.588407,0.411593,"cup"
device1-5.gif,512,512,0.669231,0.330769,"device1"
brick-06.gif,352,288,0.851385,0.148615,"brick"
Heart-9.gif,423,380,0.366853,0.633147,"Heart"
cup-3.gif,343,296,0.618795,0.381205,"cup"
device7-1.gif,512,512,0.697182,0.302818,"device7"
flatfish-8.gif,420,230,0.444762,0.555238,"flatfish"
classic-8.gif,943,347,0.518555,0.481445,"classic"
classic-4.gif,744,333,0.291848,0.708152,"classic"
Heart-5.gif,464,318,0.295252,0.704748,"Heart"
jar-1.gif,512,512,0.734974,0.265026,"jar"
device0-1.gif,512,512,0.698273,0.301727,"device0"
Comma-3.gif,283,445,0.497058,0.502942,"Comma"
ray-1.gif,337,413,0.484693,0.515307,"ray"
device3-10.gif,558,558,0.564985,0.435015,"device3"
device2-10.gif,512,512,0.695229,0.304771,"device2"
elephant-8.gif,623,455,0.374417,0.625583,"elephant"
device6-1.gif,558,558,0.706347,0.293653,"device6"
Comma-5.gif,283,445,0.487617,0.512383,"Comma"
bird-8.gif,420,422,0.810556,0.189444,"bird"
device2-5.gif,558,558,0.7595,0.2405,"device2"
HCircle-5.gif,194,331,0.218675,0.781325,"HCircle"
device7-5.gif,512,512,0.55957,0.44043,"device7"
butterfly-4.gif,704,705,0.796256,0.203744,"butterfly"
device5-7.gif,558,558,0.850076,0.149924,"device5"
rat-03.gif,352,288,0.866606,0.133394,"rat"
cellular_phone-8.gif,415,165,0.524001,0.475999,"cellular_phone"
octopus-4.gif,256,256,0.632675,0.367325,"octopus"
cattle-3.gif,802,765,0.749647,0.250353,"cattle"
pocket-5.gif,270,375,0.663101,0.336899,"pocket"
car-01.gif,352,288,0.904021,0.0959793,"car"
personal_car-6.gif,400,221,0.593247,0.406753,"personal_car"
fish-9.gif,331,107,0.418161,0.581839,"fish"
beetle-4.gif,258,442,0.523536,0.476464,"beetle"
beetle-7.gif,197,249,0.661142,0.338858,"beetle"
Misk-5.gif,322,403,0.359131,0.640869,"Misk"
device2-8.gif,512,512,0.548054,0.451946,"device2"
device1-7.gif,512,512,0.617043,0.382957,"device1"
personal_car-1.gif,488,231,0.660413,0.339587,"personal_car"
sea_snake-9.gif,137,317,0.699533,0.300467,"sea_snake"
Comma-10.gif,269,419,0.391018,0.608982,"Comma"
device7-9.gif,512,512,0.614838,0.385162,"device7"
device7-3.gif,512,512,0.613903,0.386097,"device7"
spoon-3.gif,256,256,0.875626,0.124374,"spoon"
device5-1.gif,558,558,0.834724,0.165276,"device5"
deer-4.gif,984,986,0.836542,0.163458,"deer"
HCircle-1.gif,194,331,0.216806,0.783194,"HCircle"
device0-4.gif,512,512,0.685833,0.314167,"device0"
carriage-04.gif,352,288,0.910649,0.0893505,"carriage"
Glas-7.gif,324,361,0.519844,0.480156,"Glas"
Comma-8.gif,283,445,0.481129,0.518871,"Comma"
Bone-2.gif,357,439,0.799806,0.200194,"Bone"
horseshoe-8.gif,62,61,0.561872,0.438128,"horseshoe"
crown-10.gif,172,89,0.48086,0.51914,"crown"
bird-4.gif,715,739,0.832111,0.167889,"bird"
cup-7.gif,357,357,0.591405,0.408595,"cup"
stef-06.gif,352,240,0.971922,0.0280777,"stef"
fountain-04.gif,360,243,0.827241,0.172759,"fountain"
Heart-10.gif,447,384,0.395158,0.604842,"Heart"
tree-9.gif,425,394,0.714518,0.285482,"tree"
HCircle-4.gif,185,332,0.21143,0.78857,"HCircle"
face-10.gif,269,337,0.56992,0.43008,"face"
fly-5.gif,266,274,0.58685,0.41315,"fly"
device2-6.gif,558,558,0.760024,0.239976,"device2"
device4-3.gif,558,558,0.726998,0.273002,"device4"
elephant-1.gif,683,686,0.534642,0,"elephant"
camel-6.gif,390,339,0.749898,0.250102,"camel"
key-9.gif,420,224,0.750574,0.249426,"key"
spoon-4.gif,256,256,0.839233,0.160767,"spoon"
chicken-6.gif,135,123,0.67287,0.32713,"chicken"
chicken-10.gif,139,139,0.613115,0.386885,"chicken"
horseshoe-9.gif,88,97,0.452437,0.547563,"horseshoe"
hammer-4.gif,256,256,0.881134,0.118866,"hammer"
flatfish-9.gif,420,255,0.439785,0.560215,"flatfish"
device0-5.gif,512,512,0.540981,0.459019,"device0"
hammer-3.gif,256,256,0.919769,0.0802307,"hammer"
bird-6.gif,585,583,0.786677,0.213323,"bird"
deer-3.gif,703,693,0.678016,0.321984,"deer"
device3-8.gif,558,558,0.644647,0.355353,"device3"
children-4.gif,352,240,0.923343,0.0766572,"children"
personal_car-8.gif,400,223,0.632971,0.367029,"personal_car"
watch-9.gif,480,199,0.821587,0.178413,"watch"
spring-6.gif,640,480,0.899033,0,"spring"
Misk-1.gif,331,403,0.292069,0.707931,"Misk"
children-8.gif,352,240,0.922609,0.0773911,"children"
flatfish-2.gif,420,188,0.45076,0.54924,"flatfish"
cup-6.gif,369,348,0.747072,0.252928,"cup"
beetle-9.gif,412,418,0.889093,0.110907,"beetle"
lizzard-6.gif,514,376,0.751081,0,"lizzard"
pocket-7.gif,106,149,0.503672,0.496328,"pocket"
device0-10.gif,512,512,0.805939,0.194061,"device0"
bottle-05.gif,352,288,0.958994,0.0410058,"bottle"
chicken-9.gif,107,98,0.567805,0.432195,"chicken"
classic-2.gif,376,145,0.346185,0.653815,"classic"
HCircle-3.gif,166,331,0.198813,0.801187,"HCircle"
crown-6.gif,181,113,0.521733,0.478267,"crown"
bottle-06.gif,352,288,0.944267,0.0557331,"bottle"
HCircle-7.gif,194,331,0.25021,0.74979,"HCircle"
Bone-4.gif,357,439,0.819191,0.180809,"Bone"
horseshoe-2.gif,171,166,0.657683,0.342317,"horseshoe"
truck-10.gif,352,288,0.962634,0.0373658,"truck"
spoon-7.gif,256,256,0.839233,0.160767,"spoon"
shoe-10.gif,480,263,0.584823,0.415177,"shoe"
personal_car-7.gif,400,209,0.603876,0.396124,"personal_car"
bell-7.gif,112,149,0.432407,0.567593,"bell"
horse-5.gif,286,261,0.584532,0.415468,"horse"
fish-10.gif,209,59,0.463547,0.536453,"fish"
horseshoe-6.gif,114,106,0.430156,0.569844,"horseshoe"
sea_snake-7.gif,203,248,0.824984,0.175016,"sea_snake"
device7-4.gif,512,512,0.61314,0.38686,"device7"
fountain-02.gif,360,243,0.813729,0.186271,"fountain"
crown-7.gif,95,53,0.547964,0.452036,"crown"
Misk-2.gif,317,403,0.33134,0.66866,"Misk"
face-7.gif,269,337,0.565089,0.434911,"face"
device4-1.gif,558,558,0.727146,0.272854,"device4"
rat-02.gif,352,288,0.865126,0.134874,"rat"
rat-10.gif,352,288,0.867898,0.132102,"rat"
teddy-02.gif,360,243,0.681607,0.318393,"teddy"
camel-1.gif,391,355,0.682022,0.317978,"camel"
lmfish-4.gif,304,111,0.670934,0.329066,"lmfish"
tree-6.gif,208,512,0.810087,0.189913,"tree"
fork-8.gif,640,480,0.954023,0,"fork"
frog-8.gif,198,175,0.521558,0.478442,"frog"
fork-7.gif,640,480,0.935622,0,"fork"
crown-1.gif,633,521,0.512534,0,"crown"
fish-7.gif,329,115,0.457777,0.542223,"fish"
elephant-9.gif,623,568,0.444708,0.555292,"elephant"
children-1.gif,352,240,0.924148,0.0758523,"children"
cup-4.gif,443,344,0.693658,0.306342,"cup"
device3-1.gif,558,558,0.525539,0.474461,"device3"
key-7.gif,415,248,0.735542,0.264458,"key"
cattle-2.gif,705,406,0.463372,0.536628,"cattle"
dog-9.gif,255,187,0.559505,0.440495,"dog"
jar-2.gif,512,512,0.734974,0.265026,"jar"
fly-6.gif,274,258,0.716149,0.283851,"fly"
watch-2.gif,990,378,0.779149,0.220851,"watch"
ray-10.gif,635,638,0.783277,0.216723,"ray"
dog-4.gif,255,187,0.594023,0.405977,"dog"
bird-3.gif,416,613,0.652356,0.347644,"bird"
fly-8.gif,240,236,0.708104,0.291896,"fly"
key-5.gif,440,256,0.757306,0.242694,"key"
chopper-03.gif,352,288,0.874655,0.125345,"chopper"
device2-9.gif,512,512,0.587902,0.412098,"device2"
deer-1.gif,693,703,0.674471,0.325529,"deer"
teddy-03.gif,360,243,0.685711,0.314289,"teddy"
lizzard-8.gif,412,376,0.773032,0.226968,"lizzard"
device6-9.gif,558,558,0.821441,0.178559,"device6"
device8-8.gif,558,558,0.819668,0.180332,"device8"
bottle-02.gif,352,288,0.949781,0.050219,"bottle"
camel-7.gif,413,325,0.699832,0.300168,"camel"
device8-7.gif,558,558,0.822902,0.177098,"device8"
Heart-4.gif,464,384,0.3213,0.6787,"Heart"
stef-08.gif,352,240,0.971496,0.0285038,"stef"
device1-3.gif,512,512,0.548714,0.451286,"device1"
stef-09.gif,352,240,0.972348,0.0276515,"stef"
hat-1.gif,251,216,0.463701,0.536299,"hat"
cattle-7.gif,501,481,0.766554,0.233446,"cattle"
bat-10.gif,740,346,0.788502,0.211498,"bat"
stef-04.gif,352,240,0.972893,0.027107,"stef"
truck-03.gif,352,288,0.966294,0.0337062,"truck"
pocket-10.gif,90,128,0.53559,0.46441,"pocket"
cellular_phone-2.gif,366,146,0.467718,0.532282,"cellular_phone"
device2-7.gif,512,512,0.548866,0.451134,"device2"
device3-5.gif,558,558,0.608474,0.391526,"device3"
tree-8.gif,421,414,0.816368,0,"tree"
device2-2.gif,512,512,0.780434,0.219566,"device2"
Bone-1.gif,357,439,0.81348,0.18652,"Bone"
Bone-9.gif,357,439,0.822011,0.177989,"Bone"
stef-02.gif,352,240,0.961316,0.0386837,"stef"
horseshoe-1.gif,360,334,0.663174,0.336826,"horseshoe"
horse-10.gif,417,404,0.814024,0.185976,"horse"
guitar-10.gif,348,639,0.627669,0.372331,"guitar"
beetle-8.gif,313,319,0.833525,0.166475,"beetle"
cup-10.gif,372,298,0.615393,0.384607,"cup"
octopus-5.gif,256,256,0.65451,0.34549,"octopus"
classic-7.gif,344,202,0.630641,0.369359,"classic"
bird-5.gif,419,407,0.573367,0.426633,"bird"
teddy-07.gif,360,243,0.696925,0.303075,"teddy"
chopper-06.gif,352,288,0.881165,0.118835,"chopper"
device1-10.gif,512,512,0.617199,0.382801,"device1"
deer-2.gif,693,703,0.678016,0.321984,"deer"
octopus-9.gif,256,256,0.570496,0.429504,"octopus"
device3-3.gif,558,558,0.524865,0.475135,"device3"
camel-10.gif,369,333,0.622623,0.377377,"camel"
ray-3.gif,228,309,0.598365,0.401635,"ray"
bell-3.gif,160,210,0.443512,0.556488,"bell"
lmfish-2.gif,660,658,0.777259,0.222741,"lmfish"
Comma-7.gif,283,445,0.492429,0.507571,"Comma"
children-10.gif,352,240,0.923355,0.0766454,"children"
guitar-3.gif,401,702,0.834314,0.165686,"guitar"
lmfish-7.gif,336,243,0.773234,0.226766,"lmfish"
device4-9.gif,558,558,0.786045,0.213955,"device4"
horseshoe-7.gif,88,102,0.487857,0.512143,"horseshoe"
bat-8.gif,395,168,0.549397,0.450603,"bat"
device1-6.gif,512,512,0.707211,0.292789,"device1"
carriage-01.gif,352,288,0.901219,0.0987808,"carriage"
car-09.gif,352,288,0.896741,0.103259,"car"
elephant-10.gif,298,289,0.504169,0.495831,"elephant"
shoe-4.gif,463,237,0.547667,0.452333,"shoe"
key-3.gif,416,264,0.78033,0.21967,"key"
Bone-7.gif,357,439,0.808273,0.191727,"Bone"
octopus-10.gif,256,256,0.607056,0.392944,"octopus"
cellular_phone-7.gif,388,163,0.46319,0.53681,"cellular_phone"
chopper-07.gif,352,288,0.879587,0.120413,"chopper"
truck-02.gif,352,288,0.967645,0.0323548,"truck"
guitar-6.gif,419,416,0.697276,0.302724,"guitar"
jar-7.gif,512,512,0.819752,0.180248,"jar"
apple-5.gif,256,256,0.471008,0.528992,"apple"
watch-6.gif,510,180,0.661939,0.338061,"watch"
turtle-4.gif,333,186,0.418564,0.581436,"turtle"
fish-6.gif,330,40,0.636136,0.363864,"fish"
brick-02.gif,352,288,0.842034,0.157966,"brick"
tree-1.gif,256,256,0.820007,0.179993,"tree"
bell-10.gif,320,420,0.408118,0,"bell"
beetle-1.gif,613,660,0.849993,0.150007,"beetle"
octopus-7.gif,256,256,0.774353,0.225647,"octopus"
turtle-6.gif,329,310,0.764134,0.235866,"turtle"
device3-7.gif,558,558,0.453373,0.546627,"device3"
fork-6.gif,640,480,0.920833,0,"fork"
car-04.gif,352,288,0.91282,0.0871804,"car"
ray-7.gif,443,465,0.526722,0.473278,"ray"
octopus-2.gif,256,256,0.582001,0.417999,"octopus"
device1-2.gif,512,512,0.599628,0.400372,"device1"
camel-5.gif,324,343,0.740507,0.259493,"camel"
face-3.gif,269,337,0.56232,0.43768,"face"
elephant-3.gif,357,301,0.44723,0.55277,"elephant"
apple-1.gif,256,256,0.568497,0.431503,"apple"
Glas-2.gif,324,361,0.488877,0.511123,"Glas"
personal_car-5.gif,400,203,0.583017,0.416983,"personal_car"
device0-3.gif,512,512,0.698685,0.301315,"device0"
lizzard-2.gif,488,479,0.816254,0.183746,"lizzard"
cellular_phone-1.gif,520,213,0.489879,0.510121,"cellular_phone"
bottle-08.gif,352,288,0.93242,0.0675801,"bottle"
octopus-1.gif,256,256,0.513779,0.486221,"octopus"
pencil-7.gif,488,185,0.800742,0.199258,"pencil"
guitar-1.gif,354,495,0.790487,0,"guitar"
personal_car-2.gif,515,253,0.490257,0.509743,"personal_car"
sea_snake-10.gif,161,161,0.868061,0.131939,"sea_snake"
cattle-9.gif,508,487,0.748771,0.251229,"cattle"
fork-1.gif,297,650,0.792551,0,"fork"
spoon-1.gif,256,256,0.875626,0.124374,"spoon"
camel-4.gif,397,355,0.670125,0.329875,"camel"
device2-3.gif,558,558,0.688818,0.311182,"device2"
crown-5.gif,152,102,0.562242,0.437758,"crown"
children-9.gif,352,240,0.922929,0.0770715,"children"
crown-2.gif,84,43,0.422204,0.577796,"crown"
device9-9.gif,558,558,0.627015,0.372985,"device9"
device5-3.gif,558,558,0.872522,0.127478,"device5"
dog-2.gif,273,197,0.65538,0.34462,"dog"
butterfly-9.gif,579,580,0.784405,0.215595,"butterfly"
key-4.gif,434,221,0.773943,0.226057,"key"
horse-1.gif,632,562,0.658104,0.341896,"horse"
truck-07.gif,352,288,0.966106,0.0338936,"truck"
face-6.gif,269,337,0.567008,0.432992,"face"
brick-10.gif,352,288,0.899858,0.100142,"brick"
spoon-5.gif,256,256,0.839233,0.160767,"spoon"
cellular_phone-9.gif,424,168,0.490468,0.509532,"cellular_phone"
sea_snake-6.gif,208,166,0.827502,0.172498,"sea_snake"
dog-1.gif,686,535,0.680379,0,"dog"
device8-4.gif,558,558,0.800728,0.199272,"device8"
Comma-9.gif,282,359,0.44915,0.55085,"Comma"
turtle-10.gif,345,175,0.477665,0.522335,"turtle"
watch-10.gif,500,245,0.849698,0.150302,"watch"
bird-9.gif,288,261,0.648454,0.351546,"bird"
fountain-08.gif,360,243,0.823445,0.176555,"fountain"
device0-2.gif,512,512,0.782085,0.217915,"device0"
hammer-2.gif,256,256,0.919769,0.0802307,"hammer"
device5-5.gif,558,558,0.834313,0.165687,"device5"
fly-9.gif,240,236,0.708104,0.291896,"fly"
bat-1.gif,626,585,0.755332,0.244668,"bat"
teddy-09.gif,360,243,0.692787,0.307213,"teddy"
lizzard-3.gif,329,256,0.627612,0.372388,"lizzard"
device0-6.gif,512,512,0.540649,0.459351,"device0"
brick-07.gif,352,288,0.846788,0.153212,"brick"
tree-5.gif,256,256,0.799042,0.200958,"tree"
cattle-4.gif,534,381,0.471699,0.528301,"cattle"
bird-10.gif,390,386,0.808802,0.191198,"bird"
carriage-05.gif,352,288,0.90695,0.0930496,"carriage"
truck-05.gif,352,288,0.965436,0.0345644,"truck"
sea_snake-8.gif,249,203,0.820998,0.179002,"sea_snake"
deer-7.gif,784,788,0.844598,0.155402,"deer"
camel-2.gif,352,323,0.689725,0.310275,"camel"
bell-9.gif,160,210,0.449643,0.550357,"bell"
device6-4.gif,558,558,0.709536,0.290464,"device6"
pencil-9.gif,441,195,0.846096,0.153904,"pencil"
camel-9.gif,380,355,0.646256,0.353744,"camel"
Misk-7.gif,329,404,0.328207,0.671793,"Misk"
crown-4.gif,71,38,0.380282,0.619718,"crown"
device8-6.gif,558,558,0.746673,0.253327,"device8"
jar-5.gif,512,512,0.819752,0.180248,"jar"
lizzard-5.gif,418,408,0.816094,0.183906,"lizzard"
fork-9.gif,640,480,0.949844,0,"fork"
stef-01.gif,352,240,0.981143,0.0188565,"stef"
fork-4.gif,640,480,0.912777,0,"fork"
butterfly-2.gif,680,675,0.794105,0.205895,"butterfly"
teddy-08.gif,360,243,0.677481,0.322519,"teddy"
watch-3.gif,500,180,0.750589,0.249411,"watch"
fly-1.gif,308,253,0.715877,0.284123,"fly"
stef-10.gif,352,240,0.971911,0.0280895,"stef"
stef-05.gif,352,240,0.972502,0.0274976,"stef"
spoon-8.gif,256,256,0.906067,0.0939331,"spoon"
key-8.gif,395,232,0.754387,0.245613,"key"
carriage-02.gif,352,288,0.907947,0.0920533,"carriage"
children-2.gif,352,240,0.923651,0.0763494,"children"
tree-2.gif,256,256,0.778229,0.221771,"tree"
tree-10.gif,256,256,0.761948,0.238052,"tree"
camel-3.gif,346,346,0.652636,0.347364,"camel"
Glas-9.gif,324,361,0.448061,0.551939,"Glas"
spring-3.gif,199,121,0.873375,0,"spring"
device2-1.gif,512,512,0.588284,0.411716,"device2"
crown-3.gif,258,165,0.484003,0.515997,"crown"
camel-8.gif,383,336,0.719787,0.280213,"camel"
guitar-5.gif,312,192,0.681591,0.318409,"guitar"
chicken-8.gif,98,107,0.567805,0.432195,"chicken"
device1-1.gif,512,512,0.72691,0.27309,"device1"
device5-2.gif,558,558,0.812483,0.187517,"device5"
pocket-3.gif,99,108,0.568462,0.431538,"pocket"
stef-03.gif,352,240,0.967637,0.0323627,"stef"
butterfly-8.gif,335,320,0.775989,0.224011,"butterfly"
children-6.gif,352,240,0.923307,0.0766927,"children"
fountain-10.gif,360,243,0.832179,0.167821,"fountain"
hat-7.gif,477,286,0.408644,0.591356,"hat"
elephant-5.gif,720,531,0.459492,0.540508,"elephant"
HCircle-6.gif,194,331,0.338228,0.661772,"HCircle"
spring-2.gif,461,286,0.830059,0,"spring"
horse-8.gif,830,784,0.847126,0.152874,"horse"
cellular_phone-6.gif,445,191,0.505524,0.494476,"cellular_phone"
butterfly-1.gif,500,459,0.588209,0.411791,"butterfly"
bat-7.gif,641,603,0.872613,0.127387,"bat"
classic-1.gif,569,252,0.352428,0.647572,"classic"
device4-10.gif,558,558,0.810585,0.189415,"device4"
stef-14.gif,352,240,0.980658,0.0193419,"stef"
dog-18.gif,283,173,0.611614,0.388386,"dog"
HCircle-16.gif,194,331,0.241256,0.758744,"HCircle"
apple-18.gif,256,256,0.467575,0.532425,"apple"
car-20.gif,352,288,0.863281,0.136719,"car"
octopus-16.gif,256,256,0.705399,0.294601,"octopus"
shoe-14.gif,524,250,0.536267,0.463733,"shoe"
ray-18.gif,228,309,0.633708,0.366292,"ray"
chopper-14.gif,352,288,0.868381,0.131619,"chopper"
device5-19.gif,558,558,0.811908,0.188092,"device5"
cellular_phone-11.gif,448,192,0.484561,0.515439,"cellular_phone"
lmfish-15.gif,699,309,0.675496,0.324504,"lmfish"
teddy-12.gif,360,243,0.691289,0.308711,"teddy"
brick-11.gif,352,288,0.839676,0.160324,"brick"
children-13.gif,352,240,0.92384,0.07616,"children"
bell-18.gif,96,110,0.432008,0.567992,"bell"
chicken-17.gif,286,266,0.567367,0.432633,"chicken"
guitar-13.gif,249,423,0.646207,0.353793,"guitar"
personal_car-16.gif,497,241,0.528975,0.471025,"personal_car"
lizzard-18.gif,440,739,0.747014,0.252986,"lizzard"
horse-13.gif,211,144,0.702113,0.297887,"horse"
spoon-17.gif,256,256,0.798523,0.201477,"spoon"
bell-16.gif,237,303,0.444918,0.555082,"bell"
guitar-14.gif,91,150,0.688205,0.311795,"guitar"
truck-16.gif,352,288,0.959438,0.0405619,"truck"
flatfish-20.gif,420,215,0.393909,0.606091,"flatfish"
dog-15.gif,526,408,0.752703,0.247297,"dog"
flatfish-13.gif,420,166,0.357028,0.642972,"flatfish"
fountain-12.gif,360,243,0.848125,0.151875,"fountain"
key-19.gif,411,250,0.736253,0.263747,"key"
dog-14.gif,526,408,0.765563,0.234437,"dog"
HCircle-18.gif,146,271,0.274175,0.725825,"HCircle"
Misk-13.gif,333,384,0.318905,0.681095,"Misk"
dog-19.gif,526,408,0.770475,0.229525,"dog"
device5-13.gif,558,558,0.872895,0.127105,"device5"
cup-14.gif,365,375,0.515931,0.484069,"cup"
crown-13.gif,133,77,0.528562,0.471438,"crown"
horse-18.gif,455,444,0.845179,0.154821,"horse"
HCircle-11.gif,194,331,0.264273,0.735727,"HCircle"
butterfly-13.gif,532,528,0.749313,0.250687,"butterfly"
fish-18.gif,236,78,0.344035,0.655965,"fish"
watch-17.gif,480,166,0.787688,0.212312,"watch"
face-15.gif,204,331,0.42065,0.57935,"face"
fountain-20.gif,360,243,0.821411,0.178589,"fountain"
brick-19.gif,352,288,0.834132,0.165868,"brick"
fish-13.gif,174,72,0.568487,0.431513,"fish"
bottle-17.gif,352,288,0.957623,0.0423769,"bottle"
fountain-19.gif,360,243,0.841815,0.158185,"fountain"
classic-13.gif,569,252,0.357373,0.642627,"classic"
rat-18.gif,352,288,0.863922,0.136078,"rat"
tree-17.gif,256,256,0.819229,0.180771,"tree"
device1-11.gif,512,512,0.680248,0.319752,"device1"
frog-12.gif,198,175,0.534199,0.465801,"frog"
frog-11.gif,285,274,0.482597,0.517403,"frog"
device0-18.gif,512,512,0.686859,0.313141,"device0"
Glas-16.gif,324,361,0.45384,0.54616,"Glas"
cattle-13.gif,519,499,0.757094,0.242906,"cattle"
hat-19.gif,275,256,0.361634,0.638366,"hat"
brick-14.gif,352,288,0.89538,0.10462,"brick"
frog-15.gif,260,244,0.42634,0.57366,"frog"
chopper-11.gif,352,288,0.871143,0.128857,"chopper"
pocket-18.gif,324,465,0.619673,0.380327,"pocket"
elephant-13.gif,447,334,0.438084,0.561916,"elephant"
tree-12.gif,256,256,0.840652,0.159348,"tree"
cattle-15.gif,520,498,0.757681,0.242319,"cattle"
personal_car-19.gif,481,234,0.550429,0.449571,"personal_car"
HCircle-17.gif,194,331,0.245647,0.754353,"HCircle"
frog-14.gif,422,530,0.479093,0.520907,"frog"
cup-13.gif,366,342,0.564671,0.435329,"cup"
beetle-11.gif,130,241,0.635844,0.364156,"beetle"
device6-19.gif,558,558,0.867872,0.132128,"device6"
fly-20.gif,308,253,0.715877,0.284123,"fly"
key-18.gif,438,248,0.706538,0.293462,"key"
device0-13.gif,512,512,0.803402,0.196598,"device0"
horse-11.gif,462,416,0.626675,0.373325,"horse"
crown-12.gif,93,50,0.48043,0.51957,"crown"
spoon-15.gif,256,256,0.830582,0.169418,"spoon"
lizzard-14.gif,684,479,0.81647,0.18353,"lizzard"
crown-14.gif,149,72,0.441182,0.558818,"crown"
key-14.gif,412,275,0.744643,0.255357,"key"
device7-14.gif,512,512,0.750603,0.249397,"device7"
chopper-18.gif,352,288,0.864909,0.135091,"chopper"
fish-17.gif,225,84,0.422487,0.577513,"fish"
deer-14.gif,333,249,0.692789,0.307211,"deer"
device3-12.gif,558,558,0.615228,0.384772,"device3"
face-11.gif,269,337,0.567858,0.432142,"face"
device1-14.gif,512,512,0.585262,0.414738,"device1"
hat-18.gif,104,75,0.59859,0.40141,"hat"
shoe-17.gif,467,225,0.523483,0.476517,"shoe"
truck-17.gif,352,288,0.95788,0.0421204,"truck"
HCircle-19.gif,194,331,0.282727,0.717273,"HCircle"
Misk-18.gif,348,403,0.415825,0.584175,"Misk"
Bone-14.gif,357,439,0.764789,0.235211,"Bone"
Misk-15.gif,351,405,0.383638,0.616362,"Misk"
lizzard-19.gif,538,774,0.801456,0,"lizzard"
camel-16.gif,437,357,0.67423,0.32577,"camel"
rat-13.gif,352,288,0.8692,0.1308,"rat"
cup-16.gif,345,363,0.612137,0.387863,"cup"
device2-13.gif,512,512,0.695309,0.304691,"device2"
truck-11.gif,352,288,0.959231,0.040769,"truck"
butterfly-19.gif,429,421,0.708481,0.291519,"butterfly"
children-20.gif,352,240,0.925462,0.0745384,"children"
Comma-14.gif,283,445,0.415842,0.584158,"Comma"
guitar-16.gif,300,146,0.713836,0.286164,"guitar"
spoon-11.gif,256,256,0.906067,0.0939331,"spoon"
elephant-15.gif,720,637,0.482173,0.517827,"elephant"
hat-14.gif,331,163,0.360017,0.639983,"hat"
device4-17.gif,558,558,0.891657,0.108343,"device4"
deer-18.gif,660,583,0.61708,0.38292,"deer"
car-12.gif,352,288,0.88448,0.11552,"car"
elephant-17.gif,168,274,0.475365,0.524635,"elephant"
lmfish-18.gif,230,229,0.782893,0.217107,"lmfish"
horseshoe-20.gif,205,197,0.631992,0.368008,"horseshoe"
chicken-15.gif,347,270,0.595464,0.404536,"chicken"
carriage-14.gif,352,288,0.914506,0.0854936,"carriage"
turtle-17.gif,343,325,0.728343,0.271657,"turtle"
classic-15.gif,1110,488,0.361143,0.638857,"classic"
device2-19.gif,512,512,0.717335,0.282665,"device2"
chicken-20.gif,396,412,0.574507,0.425493,"chicken"
Heart-18.gif,464,384,0.394812,0.605188,"Heart"
cellular_phone-13.gif,427,169,0.438701,0.561299,"cellular_phone"
pocket-17.gif,183,271,0.61428,0.38572,"pocket"
turtle-20.gif,252,174,0.446064,0.553936,"turtle"
pencil-12.gif,522,189,0.854416,0.145584,"pencil"
watch-12.gif,480,233,0.807394,0.192588,"watch"
carriage-15.gif,352,288,0.914556,0.0854443,"carriage"
pencil-15.gif,250,359,0.912334,0.0876657,"pencil"
device6-12.gif,558,558,0.710027,0.289973,"device6"
rat-14.gif,352,288,0.878512,0.121488,"rat"
camel-12.gif,376,320,0.743775,0.256225,"camel"
device9-20.gif,558,558,0.598756,0.401244,"device9"
pocket-20.gif,272,372,0.705724,0.294276,"pocket"
Glas-15.gif,317,361,0.51437,0.48563,"Glas"
pencil-17.gif,239,358,0.894088,0.105912,"pencil"
bell-17.gif,96,110,0.432008,0.567992,"bell"
personal_car-14.gif,498,247,0.697031,0.302969,"personal_car"
brick-20.gif,352,288,0.885979,0.114021,"brick"
lmfish-20.gif,213,104,0.636873,0.363127,"lmfish"
cup-20.gif,374,413,0.586636,0.413364,"cup"
octopus-13.gif,256,256,0.736404,0.263596,"octopus"
face-12.gif,269,337,0.560114,0.439886,"face"
device7-16.gif,512,512,0.615696,0.384304,"device7"
bottle-19.gif,352,288,0.943941,0.0560586,"bottle"
carriage-19.gif,352,288,0.917436,0.0825639,"carriage"
bat-20.gif,661,393,0.655083,0.344917,"bat"
pencil-14.gif,455,148,0.845783,0.154217,"pencil"
cellular_phone-17.gif,414,175,0.475045,0.524955,"cellular_phone"
ray-12.gif,654,670,0.798485,0.201515,"ray"
pocket-12.gif,146,196,0.482912,0.517088,"pocket"
fish-16.gif,243,93,0.421744,0.578256,"fish"
bat-19.gif,403,612,0.63837,0.36163,"bat"
Bone-18.gif,298,410,0.822426,0.177574,"Bone"
Comma-13.gif,283,445,0.476682,0.523318,"Comma"
fountain-17.gif,360,243,0.832659,0.167341,"fountain"
HCircle-13.gif,194,315,0.208657,0.791343,"HCircle"
fly-16.gif,308,253,0.732573,0.267427,"fly"
bat-13.gif,503,472,0.816857,0.183143,"bat"
cattle-14.gif,445,275,0.487224,0.512776,"cattle"
children-17.gif,352,240,0.924834,0.0751657,"children"
camel-11.gif,390,307,0.673966,0.326034,"camel"
guitar-15.gif,437,309,0.646072,0.353928,"guitar"
device7-19.gif,512,512,0.561646,0.438354,"device7"
device8-11.gif,558,558,0.839994,0.160006,"device8"
device0-20.gif,512,512,0.657448,0.342552,"device0"
horseshoe-17.gif,88,97,0.452437,0.547563,"horseshoe"
classic-19.gif,474,286,0.732975,0.267025,"classic"
butterfly-12.gif,392,359,0.499623,0.500377,"butterfly"
brick-16.gif,352,288,0.892302,0.107698,"brick"
cellular_phone-15.gif,385,168,0.573732,0.426268,"cellular_phone"
jar-12.gif,512,512,0.684483,0.315517,"jar"
sea_snake-17.gif,249,129,0.68628,0.31372,"sea_snake"
bird-18.gif,274,241,0.728397,0.271603,"bird"
sea_snake-15.gif,392,436,0.862853,0.137147,"sea_snake"
Heart-12.gif,464,377,0.391778,0.608222,"Heart"
face-18.gif,204,331,0.390957,0.609043,"face"
device8-18.gif,558,558,0.759429,0.240571,"device8"
dog-17.gif,177,102,0.778442,0.221558,"dog"
face-14.gif,204,331,0.422309,0.577691,"face"
classic-17.gif,481,278,0.733043,0.266957,"classic"
beetle-20.gif,269,318,0.769224,0.230776,"beetle"
pencil-13.gif,424,170,0.872503,0.127497,"pencil"
device7-18.gif,512,512,0.56105,0.43895,"device7"
tree-13.gif,256,256,0.704575,0.295425,"tree"
classic-20.gif,569,252,0.352428,0.647572,"classic"
bottle-18.gif,352,288,0.943537,0.0564631,"bottle"
device6-15.gif,558,558,0.675659,0.324341,"device6"
Comma-20.gif,285,424,0.479907,0.520093,"Comma"
Comma-19.gif,287,430,0.444737,0.555263,"Comma"
fork-18.gif,640,480,0.92874,0,"fork"
cellular_phone-19.gif,426,183,0.551618,0.448382,"cellular_phone"
sea_snake-12.gif,378,344,0.820583,0,"sea_snake"
device3-11.gif,558,558,0.54804,0.45196,"device3"
device6-20.gif,558,558,0.675672,0.324328,"device6"
chopper-16.gif,352,288,0.870354,0,"chopper"
butterfly-11.gif,483,474,0.799154,0.200846,"butterfly"
tree-20.gif,256,256,0.847198,0.152802,"tree"
hammer-12.gif,256,256,0.906769,0.0932312,"hammer"
device3-16.gif,558,558,0.525298,0.474702,"device3"
device4-14.gif,558,558,0.759166,0.240834,"device4"
stef-18.gif,352,240,0.978918,0.0210819,"stef"
bat-18.gif,612,403,0.63837,0.36163,"bat"
fish-12.gif,180,75,0.568296,0.431704,"fish"
hammer-15.gif,256,256,0.906769,0.0932312,"hammer"
octopus-11.gif,256,256,0.647888,0.352112,"octopus"
fountain-18.gif,360,243,0.834911,0.165089,"fountain"
cellular_phone-16.gif,465,192,0.495262,0.504738,"cellular_phone"
children-16.gif,352,240,0.924574,0.0754261,"children"
lizzard-11.gif,264,328,0.695561,0.304439,"lizzard"
beetle-16.gif,138,282,0.660808,0.339192,"beetle"
lmfish-12.gif,460,458,0.825479,0.174521,"lmfish"
Bone-19.gif,357,439,0.823159,0.176841,"Bone"
spoon-12.gif,256,256,0.830582,0.169418,"spoon"
Comma-12.gif,283,412,0.42052,0.57948,"Comma"
camel-18.gif,390,369,0.657619,0.342381,"camel"
device8-15.gif,558,558,0.730239,0.269761,"device8"
lizzard-13.gif,416,421,0.849477,0.150523,"lizzard"
device6-13.gif,558,558,0.736277,0.263723,"device6"
lmfish-11.gif,389,386,0.816848,0.183152,"lmfish"
cattle-20.gif,416,270,0.445219,0.554781,"cattle"
guitar-12.gif,325,148,0.656757,0.343243,"guitar"
tree-11.gif,256,256,0.781677,0.218323,"tree"
hat-16.gif,199,100,0.318945,0.681055,"hat"
pencil-16.gif,239,358,0.908242,0.091758,"pencil"
turtle-19.gif,327,317,0.698193,0.301807,"turtle"
teddy-20.gif,360,243,0.682362,0.317638,"teddy"
truck-12.gif,352,288,0.961766,0.0382339,"truck"
Misk-19.gif,347,403,0.457098,0.542902,"Misk"
apple-19.gif,256,256,0.457932,0.542068,"apple"
device4-13.gif,558,558,0.770185,0.229815,"device4"
frog-16.gif,198,211,0.436976,0.563024,"frog"
bat-11.gif,791,743,0.90786,0.0921402,"bat"
spoon-14.gif,256,256,0.830582,0.169418,"spoon"
fork-15.gif,640,480,0.932448,0.0675521,"fork"
stef-11.gif,352,240,0.974444,0.0255563,"stef"
octopus-14.gif,256,256,0.811813,0.188187,"octopus"
frog-19.gif,220,182,0.429021,0.570979,"frog"
device2-16.gif,512,512,0.770203,0.229797,"device2"
face-20.gif,269,337,0.567615,0.432385,"face"
jar-13.gif,512,512,0.684483,0.315517,"jar"
car-15.gif,352,288,0.879774,0.120226,"car"
chopper-13.gif,352,288,0.864248,0.135752,"chopper"
brick-15.gif,352,288,0.838196,0.161804,"brick"
Heart-17.gif,464,384,0.368546,0.631454,"Heart"
teddy-17.gif,360,243,0.682019,0.317981,"teddy"
device7-12.gif,512,512,0.561829,0.438171,"device7"
lizzard-12.gif,264,328,0.695561,0.304439,"lizzard"
spring-19.gif,256,423,0.878934,0,"spring"
cup-15.gif,391,361,0.56825,0.43175,"cup"
face-17.gif,204,331,0.401057,0.598943,"face"
lizzard-16.gif,328,300,0.808242,0.191758,"lizzard"
device0-11.gif,512,512,0.808712,0.191288,"device0"
children-11.gif,352,240,0.923366,0.0766335,"children"
device7-17.gif,512,512,0.614784,0.385216,"device7"
bird-17.gif,320,252,0.751699,0.248301,"bird"
stef-12.gif,352,240,0.975473,0.0245265,"stef"
face-13.gif,204,331,0.424812,0.575188,"face"
hat-15.gif,259,125,0.335598,0.664402,"hat"
jar-18.gif,512,512,0.528767,0.471233,"jar"
cattle-17.gif,697,673,0.742311,0.257689,"cattle"
jar-19.gif,512,512,0.528767,0.471233,"jar"
bird-12.gif,288,261,0.63398,0.36602,"bird"
flatfish-14.gif,420,223,0.374162,0.625838,"flatfish"
device2-18.gif,558,558,0.690166,0.309834,"device2"
horse-16.gif,843,828,0.831859,0.168141,"horse"
device5-14.gif,558,558,0.812817,0.187183,"device5"
fountain-16.gif,360,243,0.82516,0.17484,"fountain"
device3-15.gif,558,558,0.54911,0.45089,"device3"
chicken-16.gif,214,261,0.602804,0.397196,"chicken"
bat-15.gif,851,819,0.848988,0.151012,"bat"
bird-14.gif,181,150,0.754291,0.245709,"bird"
chopper-20.gif,352,288,0.858803,0.141197,"chopper"
beetle-13.gif,198,201,0.653048,0.346952,"beetle"
tree-14.gif,256,256,0.730927,0.269073,"tree"
fly-14.gif,291,304,0.568502,0.431498,"fly"
classic-12.gif,481,286,0.712262,0.287738,"classic"
jar-11.gif,512,512,0.615864,0.384136,"jar"
device8-17.gif,558,558,0.747305,0.252695,"device8"
pocket-16.gif,201,283,0.388376,0.611624,"pocket"
lizzard-15.gif,494,256,0.625981,0.374019,"lizzard"
rat-12.gif,352,288,0.857955,0.142045,"rat"
teddy-14.gif,360,243,0.684465,0.315535,"teddy"
dog-13.gif,150,130,0.624513,0.375487,"dog"
bell-19.gif,70,87,0.409852,0.590148,"bell"
device0-19.gif,512,512,0.698898,0.301102,"device0"
deer-12.gif,550,691,0.686231,0.313769,"deer"
bird-19.gif,320,252,0.742101,0.257899,"bird"
horseshoe-16.gif,171,166,0.657683,0.342317,"horseshoe"
Bone-13.gif,357,313,0.813283,0.186717,"Bone"
flatfish-15.gif,420,188,0.3692,0.6308,"flatfish"
guitar-19.gif,316,476,0.672482,0.327518,"guitar"
children-15.gif,352,240,0.92442,0.07558,"children"
horse-14.gif,884,875,0.808752,0.191248,"horse"
device9-11.gif,558,558,0.629935,0.370065,"device9"
bird-13.gif,138,142,0.644979,0.355021,"bird"
hammer-13.gif,256,256,0.906769,0.0932312,"hammer"
flatfish-11.gif,420,212,0.321283,0.678717,"flatfish"
tree-19.gif,256,256,0.91272,0.0872803,"tree"
horseshoe-13.gif,205,197,0.573381,0.426619,"horseshoe"
shoe-16.gif,514,270,0.516249,0.483751,"shoe"
brick-13.gif,352,288,0.836865,0.163135,"brick"
cup-18.gif,335,358,0.633319,0.366681,"cup"
cellular_phone-14.gif,378,172,0.511243,0.488757,"cellular_phone"
bell-14.gif,190,253,0.4544,0.5456,"bell"
Glas-14.gif,324,361,0.527479,0.472521,"Glas"
device4-18.gif,558,558,0.761552,0.238448,"device4"
cup-12.gif,364,329,0.56241,0.43759,"cup"
elephant-18.gif,252,183,0.462443,0.537557,"elephant"
bird-15.gif,443,520,0.686651,0.313349,"bird"
watch-18.gif,472,284,0.867406,0.132594,"watch"
device1-12.gif,512,512,0.796875,0.203125,"device1"
children-19.gif,352,240,0.926326,0.0736742,"children"
Glas-20.gif,324,361,0.542629,0.457371,"Glas"
device7-13.gif,512,512,0.562733,0.437267,"device7"
chicken-18.gif,331,375,0.553611,0.446389,"chicken"
children-14.gif,352,240,0.924077,0.0759233,"children"
device5-12.gif,558,558,0.82894,0.17106,"device5"
ray-17.gif,228,309,0.633708,0.366292,"ray"
sea_snake-11.gif,365,365,0.828358,0.171642,"sea_snake"
lmfish-14.gif,256,113,0.668349,0.331651,"lmfish"
flatfish-19.gif,420,230,0.470973,0.529027,"flatfish"
pocket-11.gif,364,534,0.55565,0.44435,"pocket"
personal_car-12.gif,471,243,0.673447,0.326553,"personal_car"
Bone-12.gif,335,425,0.845949,0.154051,"Bone"
stef-17.gif,352,240,0.978125,0.021875,"stef"
turtle-15.gif,545,527,0.713838,0.286162,"turtle"
bell-20.gif,640,480,0.917057,0.0829427,"bell"
lmfish-17.gif,237,168,0.81422,0.18578,"lmfish"
cup-19.gif,393,359,0.519757,0.480243,"cup"
bottle-16.gif,352,288,0.940903,0.0590968,"bottle"
bell-13.gif,190,253,0.4544,0.5456,"bell"
bell-15.gif,237,303,0.444918,0.555082,"bell"
butterfly-16.gif,336,518,0.525683,0.474317,"butterfly"
Bone-16.gif,357,439,0.758791,0.241209,"Bone"
truck-20.gif,352,288,0.953421,0.0465791,"truck"
pocket-13.gif,179,251,0.377529,0.622471,"pocket"
lmfish-16.gif,269,122,0.640319,0.359681,"lmfish"
fly-19.gif,257,147,0.620742,0.379258,"fly"
device9-12.gif,558,558,0.608436,0.391564,"device9"
Glas-18.gif,324,361,0.585779,0.414221,"Glas"
bat-14.gif,719,464,0.684515,0.315485,"bat"
hat-20.gif,209,140,0.249556,0.750444,"hat"
crown-16.gif,151,89,0.494531,0.505469,"crown"
crown-15.gif,151,89,0.470347,0.529653,"crown"
Heart-15.gif,464,384,0.381067,0.618933,"Heart"
turtle-13.gif,488,465,0.792746,0.207254,"turtle"
horseshoe-18.gif,114,107,0.72971,0.27029,"horseshoe"
device7-15.gif,512,512,0.615494,0.384506,"device7"
Heart-19.gif,464,384,0.377363,0.622637,"Heart"
rat-17.gif,352,288,0.863262,0.136738,"rat"
device8-20.gif,558,558,0.731372,0.268628,"device8"
hat-11.gif,201,146,0.350474,0.649526,"hat"
bottle-14.gif,352,288,0.938329,0.0616714,"bottle"
HCircle-15.gif,194,331,0.24926,0.75074,"HCircle"
car-16.gif,352,288,0.874704,0.125296,"car"
fish-19.gif,239,79,0.420052,0.579948,"fish"
Glas-13.gif,324,361,0.525367,0.474633,"Glas"
personal_car-13.gif,400,259,0.617944,0.382056,"personal_car"
device9-15.gif,558,558,0.633757,0.366243,"device9"
chicken-14.gif,99,123,0.644001,0.355999,"chicken"
hammer-17.gif,256,256,0.89595,0.10405,"hammer"
Heart-14.gif,360,384,0.345493,0.654507,"Heart"
pencil-18.gif,239,358,0.87692,0.12308,"pencil"
brick-18.gif,352,288,0.887232,0.112768,"brick"
rat-15.gif,352,288,0.869259,0.130741,"rat"
face-16.gif,204,331,0.409825,0.590175,"face"
horse-17.gif,360,275,0.684071,0.315929,"horse"
hammer-19.gif,256,256,0.89595,0.10405,"hammer"
Misk-14.gif,351,403,0.340155,0.659845,"Misk"
camel-19.gif,368,313,0.74302,0.25698,"camel"
spring-14.gif,640,480,0.919906,0,"spring"
sea_snake-14.gif,341,302,0.832757,0.167243,"sea_snake"
turtle-16.gif,303,149,0.467163,0.532837,"turtle"
butterfly-14.gif,277,255,0.564111,0.435889,"butterfly"
carriage-13.gif,352,288,0.915355,0.0846453,"carriage"
flatfish-18.gif,420,188,0.416907,0.583093,"flatfish"
stef-20.gif,352,240,0.976598,0.023402,"stef"
car-19.gif,352,288,0.861654,0.138346,"car"
flatfish-16.gif,420,184,0.434226,0.565774,"flatfish"
device3-13.gif,558,558,0.608889,0.391111,"device3"
beetle-14.gif,229,274,0.675884,0.324116,"beetle"
hat-13.gif,158,151,0.347011,0.652989,"hat"
Heart-16.gif,464,384,0.421796,0.578204,"Heart"
Glas-12.gif,324,361,0.509157,0.490843,"Glas"
carriage-20.gif,352,288,0.916302,0.0836983,"carriage"
spring-16.gif,176,291,0.859243,0,"spring"
shoe-18.gif,460,255,0.590205,0.409795,"shoe"
device2-17.gif,558,558,0.760974,0.239026,"device2"
device5-16.gif,558,558,0.834335,0.165665,"device5"
ray-20.gif,337,413,0.484693,0.515307,"ray"
cattle-11.gif,667,639,0.727094,0.272906,"cattle"
HCircle-14.gif,191,362,0.281435,0.718565,"HCircle"
dog-12.gif,150,130,0.624513,0.375487,"dog"
butterfly-15.gif,377,375,0.782218,0.217782,"butterfly"
device1-18.gif,512,512,0.72681,0.27319,"device1"
turtle-12.gif,428,246,0.591178,0.408822,"turtle"
device4-11.gif,558,558,0.891799,0.108201,"device4"
device7-20.gif,512,512,0.700836,0.299164,"device7"
cellular_phone-20.gif,401,174,0.571617,0.428383,"cellular_phone"
device1-20.gif,512,512,0.795326,0.204674,"device1"
hat-17.gif,254,142,0.366142,0.633858,"hat"
hammer-20.gif,256,256,0.919769,0.0802307,"hammer"
fountain-11.gif,360,243,0.830898,0.169102,"fountain"
truck-19.gif,352,288,0.956469,0.043531,"truck"
camel-15.gif,382,363,0.681926,0.318074,"camel"
bell-11.gif,140,167,0.424337,0.575663,"bell"
tree-18.gif,256,256,0.866776,0.133224,"tree"
camel-20.gif,344,315,0.662025,0.337975,"camel"
personal_car-11.gif,450,184,0.606884,0.393116,"personal_car"
rat-20.gif,352,288,0.86556,0.13444,"rat"
Bone-20.gif,271,439,0.816103,0.183897,"Bone"
device1-17.gif,512,512,0.583858,0.416142,"device1"
fish-20.gif,232,67,0.348881,0.651119,"fish"
device1-15.gif,512,512,0.618053,0.381947,"device1"
horseshoe-14.gif,153,171,0.522073,0.477927,"horseshoe"
sea_snake-16.gif,330,434,0.838011,0.161989,"sea_snake"
crown-20.gif,155,88,0.445748,0.554252,"crown"
device3-14.gif,558,558,0.526654,0.473346,"device3"
camel-14.gif,363,338,0.655924,0.344076,"camel"
carriage-16.gif,352,288,0.922457,0.077543,"carriage"
turtle-11.gif,379,356,0.766268,0.233732,"turtle"
personal_car-17.gif,498,257,0.577751,0.422249,"personal_car"
stef-16.gif,352,240,0.978835,0.0211648,"stef"
chicken-12.gif,412,396,0.56877,0.43123,"chicken"
Misk-12.gif,331,403,0.427691,0.572309,"Misk"
butterfly-18.gif,331,269,0.408675,0.591325,"butterfly"
bat-17.gif,393,661,0.661901,0.338099,"bat"
rat-19.gif,352,288,0.872139,0.127861,"rat"
device6-11.gif,558,558,0.797138,0.202862,"device6"
brick-12.gif,352,288,0.885397,0.114603,"brick"
teddy-13.gif,360,243,0.687883,0.312117,"teddy"
deer-20.gif,693,703,0.689256,0.310744,"deer"
pocket-14.gif,130,390,0.422623,0.577377,"pocket"
jar-16.gif,512,512,0.528767,0.471233,"jar"
device5-18.gif,558,558,0.87329,0.12671,"device5"
device4-20.gif,558,558,0.784734,0.215266,"device4"
device2-12.gif,512,512,0.587963,0.412037,"device2"
device3-18.gif,558,558,0.609724,0.390276,"device3"
face-19.gif,204,331,0.40399,0.59601,"face"
frog-20.gif,325,341,0.477239,0.522761,"frog"
turtle-18.gif,266,189,0.37771,0.62229,"turtle"
tree-15.gif,256,256,0.792786,0.207214,"tree"
cattle-18.gif,463,254,0.437926,0.562074,"cattle"
butterfly-17.gif,593,614,0.773267,0.226733,"butterfly"
classic-11.gif,309,166,0.462042,0.537958,"classic"
car-11.gif,352,288,0.888889,0.111111,"car"
fly-18.gif,269,200,0.644275,0.355725,"fly"
key-20.gif,393,261,0.778957,0.221043,"key"
watch-20.gif,559,257,0.863549,0.136451,"watch"
carriage-17.gif,352,288,0.911587,0.0884134,"carriage"
fork-12.gif,640,480,0.918923,0.0810775,"fork"
pocket-19.gif,155,212,0.3021,0.6979,"pocket"
shoe-12.gif,523,297,0.481115,0.518885,"shoe"
key-11.gif,441,209,0.665766,0.334234,"key"
chopper-17.gif,352,288,0.861417,0.138583,"chopper"
truck-14.gif,352,288,0.96145,0.0385496,"truck"
deer-17.gif,828,841,0.857659,0.142341,"deer"
ray-11.gif,406,532,0.591189,0.408811,"ray"
device4-12.gif,558,558,0.89141,0.10859,"device4"
butterfly-20.gif,402,419,0.570162,0.429838,"butterfly"
chopper-19.gif,352,288,0.863794,0.136206,"chopper"
Glas-11.gif,324,289,0.513894,0.486106,"Glas"
chicken-13.gif,123,99,0.644001,0.355999,"chicken"
device9-19.gif,558,558,0.572947,0.427053,"device9"
guitar-20.gif,133,388,0.45572,0.54428,"guitar"
fork-14.gif,640,480,0.949499,0,"fork"
spring-20.gif,211,128,0.878962,0,"spring"
device4-16.gif,558,558,0.727868,0.272132,"device4"
apple-17.gif,256,256,0.427826,0.572174,"apple"
spoon-19.gif,256,256,0.798523,0.201477,"spoon"
deer-19.gif,881,873,0.808423,0.191577,"deer"
deer-16.gif,532,650,0.713887,0.286113,"deer"
device9-18.gif,558,558,0.566726,0.433274,"device9"
device5-17.gif,558,558,0.831795,0.168205,"device5"
spring-17.gif,283,370,0.801977,0,"spring"
hat-12.gif,143,112,0.302385,0.697615,"hat"
jar-20.gif,512,512,0.734974,0.265026,"jar"
bird-11.gif,261,288,0.650503,0.349497,"bird"
key-16.gif,422,266,0.782819,0.217181,"key"
device8-14.gif,558,558,0.747026,0.252974,"device8"
octopus-17.gif,256,256,0.744553,0.255447,"octopus"
children-12.gif,352,240,0.923615,0.0763849,"children"
jar-17.gif,512,512,0.528767,0.471233,"jar"
watch-19.gif,533,241,0.831682,0.168318,"watch"
device9-16.gif,558,558,0.533199,0.466801,"device9"
shoe-19.gif,538,268,0.553938,0.446062,"shoe"
fork-13.gif,640,480,0.912311,0.0876888,"fork"
Misk-11.gif,331,403,0.375732,0.624268,"Misk"
car-14.gif,352,288,0.873757,0.126243,"car"
elephant-16.gif,342,348,0.538087,0.461913,"elephant"
watch-16.gif,514,160,0.761393,0.238607,"watch"
guitar-17.gif,294,478,0.681347,0.318653,"guitar"
device8-12.gif,558,558,0.800979,0.199021,"device8"
bell-12.gif,140,167,0.424337,0.575663,"bell"
fork-16.gif,640,480,0.871367,0,"fork"
cellular_phone-12.gif,403,169,0.471214,0.528786,"cellular_phone"
device6-14.gif,558,558,0.868787,0.131213,"device6"
beetle-19.gif,146,215,0.476011,0.523989,"beetle"
deer-11.gif,551,500,0.715985,0.284015,"deer"
device5-15.gif,558,558,0.770898,0.229102,"device5"
bottle-12.gif,352,288,0.939808,0.0601918,"bottle"
device8-16.gif,558,558,0.714736,0.285264,"device8"
dog-16.gif,172,109,0.640815,0.359185,"dog"
ray-14.gif,585,595,0.804062,0.195938,"ray"
bird-20.gif,490,380,0.641982,0.358018,"bird"
classic-14.gif,1110,488,0.361143,0.638857,"classic"
turtle-14.gif,449,311,0.411411,0.588589,"turtle"
device2-20.gif,512,512,0.695969,0.304031,"device2"
device9-13.gif,558,558,0.615094,0.384906,"device9"
teddy-11.gif,360,243,0.673971,0.326029,"teddy"
bottle-20.gif,352,288,0.956686,0.043314,"bottle"
fork-11.gif,640,480,0.91488,0.0851204,"fork"
device6-16.gif,558,558,0.707988,0.292012,"device6"
fly-12.gif,222,223,0.650345,0.349655,"fly"
sea_snake-18.gif,259,167,0.779206,0.220794,"sea_snake"
classic-16.gif,481,278,0.733043,0.266957,"classic"
Comma-17.gif,287,430,0.420695,0.579305,"Comma"
horse-19.gif,632,562,0.667927,0.332073,"horse"
bat-16.gif,661,393,0.661901,0.338099,"bat"
stef-13.gif,352,240,0.977403,0.0225971,"stef"
spring-12.gif,353,582,0.859895,0,"spring"
watch-14.gif,530,201,0.763851,0.236149,"watch"
Heart-11.gif,464,384,0.360503,0.639497,"Heart"
horse-12.gif,623,617,0.813341,0.186659,"horse"
watch-13.gif,500,233,0.799691,0.200283,"watch"
stef-15.gif,352,240,0.978385,0.0216146,"stef"
watch-15.gif,530,168,0.762949,0.237051,"watch"
frog-13.gif,198,175,0.534199,0.465801,"frog"
lizzard-20.gif,376,308,0.629119,0.370881,"lizzard"
hammer-14.gif,256,256,0.906769,0.0932312,"hammer"
device8-13.gif,558,558,0.759179,0.240821,"device8"
beetle-12.gif,257,270,0.835581,0.164419,"beetle"
spring-18.gif,280,166,0.866308,0,"spring"
device3-17.gif,558,558,0.615033,0.384967,"device3"
Bone-15.gif,357,439,0.720124,0.279876,"Bone"
octopus-19.gif,256,256,0.843674,0.156326,"octopus"
flatfish-12.gif,420,259,0.423322,0.576678,"flatfish"
dog-11.gif,675,642,0.682301,0.317699,"dog"
beetle-18.gif,150,285,0.723883,0.276117,"beetle"
lmfish-13.gif,147,348,0.661193,0.338807,"lmfish"
Comma-15.gif,284,445,0.557921,0.442079,"Comma"
device6-17.gif,558,558,0.711023,0.288977,"device6"
truck-15.gif,352,288,0.958836,0.0411636,"truck"
personal_car-20.gif,487,245,0.555907,0.444093,"personal_car"
lmfish-19.gif,194,194,0.824105,0.175895,"lmfish"
bottle-13.gif,352,288,0.956045,0.0439552,"bottle"
fly-17.gif,308,253,0.749192,0.250808,"fly"
teddy-15.gif,360,243,0.693404,0.306596,"teddy"
device0-14.gif,512,512,0.775478,0.224522,"device0"
fork-19.gif,640,480,0.923561,0,"fork"
crown-18.gif,264,164,0.575134,0.424866,"crown"
shoe-20.gif,508,237,0.447656,0.552344,"shoe"
apple-14.gif,256,256,0.565536,0.434464,"apple"
spoon-18.gif,256,256,0.798523,0.201477,"spoon"
elephant-12.gif,759,644,0.553026,0.446974,"elephant"
pencil-19.gif,239,358,0.905308,0.0946916,"pencil"
horseshoe-15.gif,180,167,0.593979,0.406021,"horseshoe"
Glas-19.gif,324,361,0.618669,0.381331,"Glas"
horse-15.gif,653,531,0.661527,0.338473,"horse"
spring-13.gif,176,291,0.879706,0,"spring"
Misk-20.gif,340,403,0.303525,0.696475,"Misk"
guitar-18.gif,91,150,0.688571,0.311429,"guitar"
spring-15.gif,393,318,0.764983,0,"spring"
apple-12.gif,256,256,0.484406,0.515594,"apple"
bird-16.gif,301,227,0.705051,0.294949,"bird"
key-17.gif,406,259,0.765268,0.234732,"key"
sea_snake-19.gif,204,175,0.861064,0.138936,"sea_snake"
horseshoe-11.gif,91,108,0.65293,0.34707,"horseshoe"
fly-11.gif,346,311,0.625328,0.374672,"fly"
device2-15.gif,512,512,0.618622,0.381378,"device2"
fly-15.gif,189,197,0.686622,0.313378,"fly"
fish-14.gif,296,99,0.355617,0.644383,"fish"
hammer-18.gif,256,256,0.89595,0.10405,"hammer"
chopper-12.gif,352,288,0.868736,0.131264,"chopper"
HCircle-20.gif,211,331,0.309603,0.690397,"HCircle"
apple-11.gif,256,256,0.492844,0.507156,"apple"
deer-15.gif,416,406,0.849126,0.150874,"deer"
camel-17.gif,367,376,0.757087,0.242913,"camel"
device3-19.gif,558,558,0.526079,0.473921,"device3"
crown-17.gif,181,113,0.54569,0.45431,"crown"
device4-19.gif,558,558,0.758594,0.241406,"device4"
Glas-17.gif,262,361,0.514675,0.485325,"Glas"
crown-11.gif,192,114,0.450978,0.549022,"crown"
horse-20.gif,315,266,0.668158,0.331842,"horse"
device0-17.gif,512,512,0.543022,0.456978,"device0"
fish-15.gif,239,56,0.447475,0.552525,"fish"
key-13.gif,460,268,0.760172,0.239828,"key"
classic-18.gif,474,286,0.732975,0.267025,"classic"
elephant-14.gif,720,531,0.466627,0.533373,"elephant"
spoon-16.gif,256,256,0.798523,0.201477,"spoon"
lizzard-17.gif,440,739,0.746943,0.253057,"lizzard"
horseshoe-12.gif,79,104,0.624148,0.375852,"horseshoe"
octopus-15.gif,256,256,0.888702,0.111298,"octopus"
Misk-16.gif,331,431,0.299851,0.700149,"Misk"
fork-20.gif,640,480,0.958727,0,"fork"
cup-17.gif,350,342,0.687828,0.312172,"cup"
octopus-20.gif,256,256,0.498932,0.501068,"octopus"
shoe-15.gif,486,249,0.47059,0.52941,"shoe"
pencil-20.gif,506,190,0.869888,0.130112,"pencil"
rat-16.gif,352,288,0.872958,0.127042,"rat"
hammer-16.gif,256,256,0.89595,0.10405,"hammer"
ray-13.gif,370,465,0.603598,0.396402,"ray"
pocket-15.gif,308,446,0.411238,0.588762,"pocket"
flatfish-17.gif,420,188,0.392705,0.607295,"flatfish"
car-13.gif,352,288,0.88592,0.11408,"car"
rat-11.gif,352,288,0.869052,0.130948,"rat"
device7-11.gif,512,512,0.615646,0.384354,"device7"
Comma-18.gif,287,427,0.450701,0.549299,"Comma"
device0-16.gif,512,512,0.542309,0.457691,"device0"
tree-16.gif,256,256,0.837311,0.162689,"tree"
spring-11.gif,176,291,0.884782,0,"spring"
fork-17.gif,640,480,0.933112,0,"fork"
watch-11.gif,520,224,0.834675,0.165325,"watch"
fountain-14.gif,360,243,0.831584,0.168416,"fountain"
teddy-19.gif,360,243,0.682979,0.317021,"teddy"
elephant-19.gif,228,232,0.537602,0.462398,"elephant"
HCircle-12.gif,194,331,0.273243,0.726757,"HCircle"
spoon-13.gif,256,256,0.830582,0.169418,"spoon"
truck-18.gif,352,288,0.957169,0.0428307,"truck"
sea_snake-20.gif,102,123,0.852941,0.147059,"sea_snake"
bat-12.gif,474,216,0.575315,0.424685,"bat"
shoe-11.gif,460,254,0.53682,0.46318,"shoe"
fly-13.gif,305,289,0.60751,0.39249,"fly"
camel-13.gif,385,317,0.630841,0.369159,"camel"
crown-19.gif,72,41,0.453591,0.546409,"crown"
sea_snake-13.gif,331,206,0.756284,0.243716,"sea_snake"
dog-20.gif,255,187,0.575401,0.424599,"dog"
device0-12.gif,512,512,0.806202,0.193798,"device0"
apple-20.gif,256,256,0.550842,0.449158,"apple"
frog-18.gif,171,210,0.419883,0.580117,"frog"
truck-13.gif,352,288,0.958531,0.0414694,"truck"
device1-13.gif,512,512,0.72842,0.27158,"device1"
Misk-17.gif,331,403,0.388746,0.611254,"Misk"
deer-13.gif,691,550,0.686231,0.313769,"deer"
Bone-11.gif,342,439,0.831768,0.168232,"Bone"
beetle-17.gif,289,305,0.850247,0.149753,"beetle"
jar-15.gif,512,512,0.684483,0.315517,"jar"
ray-19.gif,443,465,0.526722,0.473278,"ray"
device8-19.gif,558,558,0.801011,0.198989,"device8"
fountain-13.gif,360,243,0.83818,0.16182,"fountain"
car-17.gif,352,288,0.868578,0.131422,"car"
guitar-11.gif,277,509,0.638847,0.361153,"guitar"
chopper-15.gif,352,288,0.871094,0.128906,"chopper"
teddy-16.gif,360,243,0.672782,0.327218,"teddy"
device3-20.gif,558,558,0.54804,0.45196,"device3"
cellular_phone-18.gif,424,186,0.532892,0.467108,"cellular_phone"
Bone-17.gif,357,439,0.81644,0.18356,"Bone"
fountain-15.gif,360,243,0.837666,0.162334,"fountain"
device9-17.gif,558,558,0.547006,0.452994,"device9"
stef-19.gif,352,240,0.976006,0.0239938,"stef"
frog-17.gif,198,211,0.436976,0.563024,"frog"
carriage-11.gif,352,288,0.908973,0.0910275,"carriage"
device2-11.gif,512,512,0.548565,0.451435,"device2"
ray-15.gif,337,413,0.522334,0.477666,"ray"
elephant-20.gif,298,223,0.464487,0.535513,"elephant"
chicken-11.gif,139,139,0.613115,0.386885,"chicken"
device1-19.gif,512,512,0.796093,0.203907,"device1"
octopus-12.gif,256,256,0.67186,0.32814,"octopus"
apple-15.gif,256,256,0.425583,0.574417,"apple"
car-18.gif,352,288,0.868016,0.131984,"car"
Heart-13.gif,464,384,0.368916,0.631084,"Heart"
device6-18.gif,558,558,0.737706,0.262294,"device6"
device2-14.gif,512,512,0.667877,0.332123,"device2"
device9-14.gif,558,558,0.62908,0.37092,"device9"
horseshoe-19.gif,91,108,0.65293,0.34707,"horseshoe"
key-12.gif,479,253,0.622245,0.377755,"key"
children-18.gif,352,240,0.927154,0.0728456,"children"
personal_car-15.gif,559,261,0.655625,0.344375,"personal_car"
shoe-13.gif,508,294,0.516859,0.483141,"shoe"
Heart-20.gif,447,384,0.420011,0.579989,"Heart"
device0-15.gif,512,512,0.717991,0.282009,"device0"
device4-15.gif,558,558,0.785171,0.214829,"device4"
elephant-11.gif,372,289,0.520008,0.479992,"elephant"
cattle-12.gif,440,281,0.4912,0.5088,"cattle"
key-15.gif,460,267,0.800244,0.199756,"key"
carriage-12.gif,352,288,0.919912,0.080088,"carriage"
apple-13.gif,256,256,0.451248,0.548752,"apple"
chicken-19.gif,191,267,0.494774,0.505226,"chicken"
teddy-18.gif,360,243,0.679904,0.320096,"teddy"
Comma-16.gif,284,445,0.599755,0.400245,"Comma"
octopus-18.gif,256,256,0.792053,0.207947,"octopus"
personal_car-18.gif,488,224,0.506623,0.493377,"personal_car"
apple-16.gif,256,256,0.542908,0.457092,"apple"
pencil-11.gif,512,194,0.90173,0.0982704,"pencil"
device5-11.gif,558,558,0.603965,0.396035,"device5"
Comma-11.gif,230,472,0.365641,0.634359,"Comma"
cup-11.gif,381,349,0.654882,0.345118,"cup"
device1-16.gif,512,512,0.681492,0.318508,"device1"
brick-17.gif,352,288,0.83504,0.16496,"brick"
bottle-11.gif,352,288,0.955956,0.044044,"bottle"
carriage-18.gif,352,288,0.909012,0.090988,"carriage"
hammer-11.gif,256,256,0.897247,0.102753,"hammer"
spoon-20.gif,256,256,0.875626,0.124374,"spoon"
cattle-19.gif,520,494,0.742678,0.257322,"cattle"
beetle-15.gif,354,358,0.839528,0.160472,"beetle"
cattle-16.gif,582,389,0.466086,0.533914,"cattle"
device5-20.gif,558,558,0.771685,0.228315,"device5"
fish-11.gif,208,60,0.441266,0.558734,"fish"
ray-16.gif,337,413,0.522334,0.477666,"ray"
jar-14.gif,512,512,0.684483,0.315517,"jar"
bottle-15.gif,352,288,0.956045,0.0439552,"bottle"
